{
    "participantName": "Participant 63 4B_C",
    "partCount": 0,
    "taskTime": 48.685489654541019,
    "remappedPositionL": {
        "x": -0.749999463558197,
        "y": 0.0,
        "z": 2.0
    },
    "remappedPositionR": {
        "x": -0.749999463558197,
        "y": 0.0,
        "z": 2.0
    },
    "remappedScaleL": {
        "x": 0.6350046992301941,
        "y": 0.6350046992301941,
        "z": 1.0
    },
    "remappedScaleR": {
        "x": 0.6350046992301941,
        "y": 0.6350046992301941,
        "z": 1.0
    }
}