{
    "participantName": "Participant 45 4B_A",
    "partCount": 0,
    "taskTime": 50.13646697998047,
    "remappedPositionL": {
        "x": -0.5749996900558472,
        "y": 0.0,
        "z": 2.0
    },
    "remappedPositionR": {
        "x": -0.5749996900558472,
        "y": 0.0,
        "z": 2.0
    },
    "remappedScaleL": {
        "x": 0.5810053944587708,
        "y": 0.5810053944587708,
        "z": 1.0
    },
    "remappedScaleR": {
        "x": 0.5810053944587708,
        "y": 0.5810053944587708,
        "z": 1.0
    }
}