{
    "participantName": "Participant 61 4B_B",
    "partCount": 0,
    "taskTime": 32.39714431762695,
    "remappedPositionL": {
        "x": 0.21999996900558473,
        "y": 0.0,
        "z": 2.0
    },
    "remappedPositionR": {
        "x": 0.21999996900558473,
        "y": 0.0,
        "z": 2.0
    },
    "remappedScaleL": {
        "x": 0.5920052528381348,
        "y": 0.5920052528381348,
        "z": 1.0
    },
    "remappedScaleR": {
        "x": 0.5920052528381348,
        "y": 0.5920052528381348,
        "z": 1.0
    }
}