{
    "participantName": "Participant 48 5A_A",
    "partCount": 0,
    "taskTime": 8.576118469238282,
    "remappedPositionL": {
        "x": -0.5009971261024475,
        "y": 0.0,
        "z": 2.0
    },
    "remappedPositionR": {
        "x": -0.5009971261024475,
        "y": 0.0,
        "z": 2.0
    },
    "remappedScaleL": {
        "x": 0.5989924073219299,
        "y": 0.5989924073219299,
        "z": 0.5989924073219299
    },
    "remappedScaleR": {
        "x": 0.5989924073219299,
        "y": 0.5989924073219299,
        "z": 0.5989924073219299
    }
}