{
    "participantName": "Participant 55 5A_D",
    "partCount": 0,
    "taskTime": 9.559394836425782,
    "remappedPositionL": {
        "x": -1.001994252204895,
        "y": 0.0,
        "z": 2.0
    },
    "remappedPositionR": {
        "x": -1.001994252204895,
        "y": 0.0,
        "z": 2.0
    },
    "remappedScaleL": {
        "x": 0.6491248607635498,
        "y": 0.6491248607635498,
        "z": 0.6491248607635498
    },
    "remappedScaleR": {
        "x": 0.6491248607635498,
        "y": 0.6491248607635498,
        "z": 0.6491248607635498
    }
}