{
    "participantName": "Participant 57 5A_C",
    "partCount": 0,
    "taskTime": 15.404000282287598,
    "remappedPositionL": {
        "x": 1.001994252204895,
        "y": 0.0,
        "z": 2.0
    },
    "remappedPositionR": {
        "x": 1.001994252204895,
        "y": 0.0,
        "z": 2.0
    },
    "remappedScaleL": {
        "x": 0.6489778757095337,
        "y": 0.6489778757095337,
        "z": 0.6489778757095337
    },
    "remappedScaleR": {
        "x": 0.6489778757095337,
        "y": 0.6489778757095337,
        "z": 0.6489778757095337
    }
}