{
    "participantName": "Participant 52 5A_B",
    "partCount": 0,
    "taskTime": 8.805956840515137,
    "remappedPositionL": {
        "x": 0.5009971261024475,
        "y": 0.0,
        "z": 2.0
    },
    "remappedPositionR": {
        "x": 0.5009971261024475,
        "y": 0.0,
        "z": 2.0
    },
    "remappedScaleL": {
        "x": 0.5991674661636353,
        "y": 0.5991674661636353,
        "z": 0.5991674661636353
    },
    "remappedScaleR": {
        "x": 0.5991674661636353,
        "y": 0.5991674661636353,
        "z": 0.5991674661636353
    }
}