{
    "participantName": "Participant 100 trial 8B",
    "partCount": 0,
    "taskTime": 0.0,
    "remappedPositionL": {
        "x": 0.38999977707862856,
        "y": 0.0,
        "z": 2.0
    },
    "remappedPositionR": {
        "x": 0.38999977707862856,
        "y": 0.0,
        "z": 2.0
    },
    "remappedScaleL": {
        "x": 0.6220048666000366,
        "y": 0.6220048666000366,
        "z": 1.0
    },
    "remappedScaleR": {
        "x": 0.6220048666000366,
        "y": 0.6220048666000366,
        "z": 1.0
    }
}