{
    "participantName": "Participant 103 8B_A",
    "partCount": 0,
    "taskTime": 8.217543601989746,
    "remappedPositionL": {
        "x": -0.5009971261024475,
        "y": 0.0,
        "z": 2.0
    },
    "remappedPositionR": {
        "x": -0.5009971261024475,
        "y": 0.0,
        "z": 2.0
    },
    "remappedScaleL": {
        "x": 0.5992911458015442,
        "y": 0.5992911458015442,
        "z": 0.5992911458015442
    },
    "remappedScaleR": {
        "x": 0.5992911458015442,
        "y": 0.5992911458015442,
        "z": 0.5992911458015442
    }
}