{
    "participantName": "Participant 106 8B_B",
    "partCount": 0,
    "taskTime": 9.338651657104493,
    "remappedPositionL": {
        "x": 0.5009971261024475,
        "y": 0.0,
        "z": 2.0
    },
    "remappedPositionR": {
        "x": 0.5009971261024475,
        "y": 0.0,
        "z": 2.0
    },
    "remappedScaleL": {
        "x": 0.5991832613945007,
        "y": 0.5991832613945007,
        "z": 0.5991832613945007
    },
    "remappedScaleR": {
        "x": 0.5991832613945007,
        "y": 0.5991832613945007,
        "z": 0.5991832613945007
    }
}