{
    "participantName": "Participant 19 2B_C",
    "partCount": 0,
    "taskTime": 8.74944019317627,
    "remappedPositionL": {
        "x": -1.001994252204895,
        "y": 0.0,
        "z": 2.0
    },
    "remappedPositionR": {
        "x": -1.001994252204895,
        "y": 0.0,
        "z": 2.0
    },
    "remappedScaleL": {
        "x": 0.6492210030555725,
        "y": 0.6492210030555725,
        "z": 0.6492210030555725
    },
    "remappedScaleR": {
        "x": 0.6492210030555725,
        "y": 0.6492210030555725,
        "z": 0.6492210030555725
    }
}