{
    "participantName": "Participant 24 2B_A",
    "partCount": 0,
    "taskTime": 8.921028137207032,
    "remappedPositionL": {
        "x": -0.5009971261024475,
        "y": 0.0,
        "z": 2.0
    },
    "remappedPositionR": {
        "x": -0.5009971261024475,
        "y": 0.0,
        "z": 2.0
    },
    "remappedScaleL": {
        "x": 0.599873423576355,
        "y": 0.599873423576355,
        "z": 0.599873423576355
    },
    "remappedScaleR": {
        "x": 0.599873423576355,
        "y": 0.599873423576355,
        "z": 0.599873423576355
    }
}