{
    "participantName": "Participant 16 2B_B",
    "partCount": 0,
    "taskTime": 11.425178527832032,
    "remappedPositionL": {
        "x": 0.5009971261024475,
        "y": 0.0,
        "z": 2.0
    },
    "remappedPositionR": {
        "x": 0.5009971261024475,
        "y": 0.0,
        "z": 2.0
    },
    "remappedScaleL": {
        "x": 0.5989784002304077,
        "y": 0.5989784002304077,
        "z": 0.5989784002304077
    },
    "remappedScaleR": {
        "x": 0.5989784002304077,
        "y": 0.5989784002304077,
        "z": 0.5989784002304077
    }
}