{
    "participantName": "Participant 20 2B_D",
    "partCount": 0,
    "taskTime": 8.63332748413086,
    "remappedPositionL": {
        "x": 1.001994252204895,
        "y": 0.0,
        "z": 2.0
    },
    "remappedPositionR": {
        "x": 1.001994252204895,
        "y": 0.0,
        "z": 2.0
    },
    "remappedScaleL": {
        "x": 0.6499331593513489,
        "y": 0.6499331593513489,
        "z": 0.6499331593513489
    },
    "remappedScaleR": {
        "x": 0.6499331593513489,
        "y": 0.6499331593513489,
        "z": 0.6499331593513489
    }
}