{
    "participantName": "Participant 55 1D",
    "partCount": 0,
    "taskTime": 20.42617416381836,
    "remappedPositionL": {
        "x": 0.4099997580051422,
        "y": 0.0,
        "z": 2.0
    },
    "remappedPositionR": {
        "x": 0.4099997580051422,
        "y": 0.0,
        "z": 2.0
    },
    "remappedScaleL": {
        "x": 0.83800208568573,
        "y": 0.83800208568573,
        "z": 1.0
    },
    "remappedScaleR": {
        "x": 0.83800208568573,
        "y": 0.83800208568573,
        "z": 1.0
    }
}