{
    "participantName": "Participant 31 3A_D",
    "partCount": 0,
    "taskTime": 54.88115692138672,
    "remappedPositionL": {
        "x": 0.2599999010562897,
        "y": 0.0,
        "z": 2.0
    },
    "remappedPositionR": {
        "x": 0.2599999010562897,
        "y": 0.0,
        "z": 2.0
    },
    "remappedScaleL": {
        "x": 0.510006308555603,
        "y": 0.510006308555603,
        "z": 1.0
    },
    "remappedScaleR": {
        "x": 0.510006308555603,
        "y": 0.510006308555603,
        "z": 1.0
    }
}