{
    "participantName": "Participant 35 3A_B",
    "partCount": 0,
    "taskTime": 34.239593505859378,
    "remappedPositionL": {
        "x": 0.23499992489814759,
        "y": 0.0,
        "z": 2.0
    },
    "remappedPositionR": {
        "x": 0.23499992489814759,
        "y": 0.0,
        "z": 2.0
    },
    "remappedScaleL": {
        "x": 0.5640056133270264,
        "y": 0.5640056133270264,
        "z": 1.0
    },
    "remappedScaleR": {
        "x": 0.5640056133270264,
        "y": 0.5640056133270264,
        "z": 1.0
    }
}