{
    "participantName": "Participant 29 3A_C",
    "partCount": 0,
    "taskTime": 154.34426879882813,
    "remappedPositionL": {
        "x": -0.6949995756149292,
        "y": 0.0,
        "z": 2.0
    },
    "remappedPositionR": {
        "x": -0.6949995756149292,
        "y": 0.0,
        "z": 2.0
    },
    "remappedScaleL": {
        "x": 0.8000025749206543,
        "y": 0.8000025749206543,
        "z": 1.0
    },
    "remappedScaleR": {
        "x": 0.8000025749206543,
        "y": 0.8000025749206543,
        "z": 1.0
    }
}