{
    "participantName": "Participant 90 7A_B",
    "partCount": 0,
    "taskTime": 10.386754989624024,
    "remappedPositionL": {
        "x": 0.5009971261024475,
        "y": 0.0,
        "z": 2.0
    },
    "remappedPositionR": {
        "x": 0.5009971261024475,
        "y": 0.0,
        "z": 2.0
    },
    "remappedScaleL": {
        "x": 0.5988853573799133,
        "y": 0.5988853573799133,
        "z": 0.5988853573799133
    },
    "remappedScaleR": {
        "x": 0.5988853573799133,
        "y": 0.5988853573799133,
        "z": 0.5988853573799133
    }
}