{
    "participantName": "Participant 93 7A_A",
    "partCount": 0,
    "taskTime": 13.94001293182373,
    "remappedPositionL": {
        "x": -0.5009971261024475,
        "y": 0.0,
        "z": 2.0
    },
    "remappedPositionR": {
        "x": -0.5009971261024475,
        "y": 0.0,
        "z": 2.0
    },
    "remappedScaleL": {
        "x": 0.5990565419197083,
        "y": 0.5990565419197083,
        "z": 0.5990565419197083
    },
    "remappedScaleR": {
        "x": 0.5990565419197083,
        "y": 0.5990565419197083,
        "z": 0.5990565419197083
    }
}