{
    "participantName": "Participant 86 7A_C",
    "partCount": 0,
    "taskTime": 9.140125274658204,
    "remappedPositionL": {
        "x": -1.001994252204895,
        "y": 0.0,
        "z": 2.0
    },
    "remappedPositionR": {
        "x": -1.001994252204895,
        "y": 0.0,
        "z": 2.0
    },
    "remappedScaleL": {
        "x": 0.6489131450653076,
        "y": 0.6489131450653076,
        "z": 0.6489131450653076
    },
    "remappedScaleR": {
        "x": 0.6489131450653076,
        "y": 0.6489131450653076,
        "z": 0.6489131450653076
    }
}