{
    "participantName": "Participant 88 7A_D",
    "partCount": 0,
    "taskTime": 24.166933059692384,
    "remappedPositionL": {
        "x": 1.001994252204895,
        "y": 0.0,
        "z": 2.0
    },
    "remappedPositionR": {
        "x": 1.001994252204895,
        "y": 0.0,
        "z": 2.0
    },
    "remappedScaleL": {
        "x": 0.6491580605506897,
        "y": 0.6491580605506897,
        "z": 0.6491580605506897
    },
    "remappedScaleR": {
        "x": 0.6491580605506897,
        "y": 0.6491580605506897,
        "z": 0.6491580605506897
    }
}