{
    "participantName": "Participant 81 6B_D",
    "partCount": 0,
    "taskTime": 162.72384643554688,
    "remappedPositionL": {
        "x": 0.6999995112419128,
        "y": 0.0,
        "z": 2.0
    },
    "remappedPositionR": {
        "x": 0.5299996733665466,
        "y": 0.0,
        "z": 2.0
    },
    "remappedScaleL": {
        "x": 0.7130036950111389,
        "y": 0.7130036950111389,
        "z": 1.0
    },
    "remappedScaleR": {
        "x": 0.6950039267539978,
        "y": 0.6950039267539978,
        "z": 1.0
    }
}