{
    "participantName": "Participant 74 6B_B",
    "partCount": 0,
    "taskTime": 86.15242004394531,
    "remappedPositionL": {
        "x": 0.6049996018409729,
        "y": 0.0,
        "z": 2.0
    },
    "remappedPositionR": {
        "x": 0.6049996018409729,
        "y": 0.0,
        "z": 2.0
    },
    "remappedScaleL": {
        "x": 0.871001660823822,
        "y": 0.871001660823822,
        "z": 1.0
    },
    "remappedScaleR": {
        "x": 0.871001660823822,
        "y": 0.871001660823822,
        "z": 1.0
    }
}