{
    "participantName": "Participant 41 4B_D",
    "partCount": 0,
    "taskTime": 13.199267387390137,
    "remappedPositionL": {
        "x": 1.001994252204895,
        "y": 0.0,
        "z": 2.0
    },
    "remappedPositionR": {
        "x": 1.001994252204895,
        "y": 0.0,
        "z": 2.0
    },
    "remappedScaleL": {
        "x": 0.6495832800865173,
        "y": 0.6495832800865173,
        "z": 0.6495832800865173
    },
    "remappedScaleR": {
        "x": 0.6495832800865173,
        "y": 0.6495832800865173,
        "z": 0.6495832800865173
    }
}