{
    "participantName": "Participant 59 4B_B",
    "partCount": 0,
    "taskTime": 9.202092170715332,
    "remappedPositionL": {
        "x": 0.5009971261024475,
        "y": 0.0,
        "z": 2.0
    },
    "remappedPositionR": {
        "x": 0.5009971261024475,
        "y": 0.0,
        "z": 2.0
    },
    "remappedScaleL": {
        "x": 0.5995504856109619,
        "y": 0.5995504856109619,
        "z": 0.5995504856109619
    },
    "remappedScaleR": {
        "x": 0.5995504856109619,
        "y": 0.5995504856109619,
        "z": 0.5995504856109619
    }
}