{
    "participantName": "Participant 62 4B_C",
    "partCount": 0,
    "taskTime": 8.440908432006836,
    "remappedPositionL": {
        "x": -1.001994252204895,
        "y": 0.0,
        "z": 2.0
    },
    "remappedPositionR": {
        "x": -1.001994252204895,
        "y": 0.0,
        "z": 2.0
    },
    "remappedScaleL": {
        "x": 0.64894700050354,
        "y": 0.64894700050354,
        "z": 0.64894700050354
    },
    "remappedScaleR": {
        "x": 0.64894700050354,
        "y": 0.64894700050354,
        "z": 0.64894700050354
    }
}