{
    "participantName": "Participant 32 3A_D",
    "partCount": 0,
    "taskTime": 12.651531219482422,
    "remappedPositionL": {
        "x": 1.001994252204895,
        "y": 0.0,
        "z": 2.0
    },
    "remappedPositionR": {
        "x": 1.001994252204895,
        "y": 0.0,
        "z": 2.0
    },
    "remappedScaleL": {
        "x": 0.6490228176116943,
        "y": 0.6490228176116943,
        "z": 0.6490228176116943
    },
    "remappedScaleR": {
        "x": 0.6490228176116943,
        "y": 0.6490228176116943,
        "z": 0.6490228176116943
    }
}