{
    "participantName": "Participant 30 3A_C",
    "partCount": 0,
    "taskTime": 33.137935638427737,
    "remappedPositionL": {
        "x": -1.001994252204895,
        "y": 0.0,
        "z": 2.0
    },
    "remappedPositionR": {
        "x": -1.001994252204895,
        "y": 0.0,
        "z": 2.0
    },
    "remappedScaleL": {
        "x": 0.6494336128234863,
        "y": 0.6494336128234863,
        "z": 0.6494336128234863
    },
    "remappedScaleR": {
        "x": 0.6494336128234863,
        "y": 0.6494336128234863,
        "z": 0.6494336128234863
    }
}