{
    "participantName": "Participant 36 3A_B",
    "partCount": 0,
    "taskTime": 9.407918930053711,
    "remappedPositionL": {
        "x": 0.5009971261024475,
        "y": 0.0,
        "z": 2.0
    },
    "remappedPositionR": {
        "x": 0.5009971261024475,
        "y": 0.0,
        "z": 2.0
    },
    "remappedScaleL": {
        "x": 0.5990628600120544,
        "y": 0.5990628600120544,
        "z": 0.5990628600120544
    },
    "remappedScaleR": {
        "x": 0.5990628600120544,
        "y": 0.5990628600120544,
        "z": 0.5990628600120544
    }
}