{
    "participantName": "Participant 34 3A_A",
    "partCount": 0,
    "taskTime": 10.014862060546875,
    "remappedPositionL": {
        "x": -0.5009971261024475,
        "y": 0.0,
        "z": 2.0
    },
    "remappedPositionR": {
        "x": -0.5009971261024475,
        "y": 0.0,
        "z": 2.0
    },
    "remappedScaleL": {
        "x": 0.5997766256332398,
        "y": 0.5997766256332398,
        "z": 0.5997766256332398
    },
    "remappedScaleR": {
        "x": 0.5997766256332398,
        "y": 0.5997766256332398,
        "z": 0.5997766256332398
    }
}