{
    "participantName": "Participant 56 1A_D",
    "partCount": 0,
    "taskTime": 5.941999912261963,
    "remappedPositionL": {
        "x": 1.001994252204895,
        "y": 0.0,
        "z": 2.0
    },
    "remappedPositionR": {
        "x": 1.001994252204895,
        "y": 0.0,
        "z": 2.0
    },
    "remappedScaleL": {
        "x": 0.6489485502243042,
        "y": 0.6489485502243042,
        "z": 0.6489485502243042
    },
    "remappedScaleR": {
        "x": 0.6489485502243042,
        "y": 0.6489485502243042,
        "z": 0.6489485502243042
    }
}