{
    "participantName": "Participant 44 1A_A",
    "partCount": 0,
    "taskTime": 6.476316928863525,
    "remappedPositionL": {
        "x": -0.5009971261024475,
        "y": 0.0,
        "z": 2.0
    },
    "remappedPositionR": {
        "x": -0.5009971261024475,
        "y": 0.0,
        "z": 2.0
    },
    "remappedScaleL": {
        "x": 0.5990695357322693,
        "y": 0.5990695357322693,
        "z": 0.5990695357322693
    },
    "remappedScaleR": {
        "x": 0.5990695357322693,
        "y": 0.5990695357322693,
        "z": 0.5990695357322693
    }
}