{
    "participantName": "Participant 50 1A_B",
    "partCount": 0,
    "taskTime": 5.8651838302612309,
    "remappedPositionL": {
        "x": 0.5009971261024475,
        "y": 0.0,
        "z": 2.0
    },
    "remappedPositionR": {
        "x": 0.5009971261024475,
        "y": 0.0,
        "z": 2.0
    },
    "remappedScaleL": {
        "x": 0.5989590287208557,
        "y": 0.5989590287208557,
        "z": 0.5989590287208557
    },
    "remappedScaleR": {
        "x": 0.5989590287208557,
        "y": 0.5989590287208557,
        "z": 0.5989590287208557
    }
}