{
    "participantName": "Participant 53 1A_C",
    "partCount": 0,
    "taskTime": 6.480403900146484,
    "remappedPositionL": {
        "x": -1.001994252204895,
        "y": 0.0,
        "z": 2.0
    },
    "remappedPositionR": {
        "x": -1.001994252204895,
        "y": 0.0,
        "z": 2.0
    },
    "remappedScaleL": {
        "x": 0.649562656879425,
        "y": 0.649562656879425,
        "z": 0.649562656879425
    },
    "remappedScaleR": {
        "x": 0.649562656879425,
        "y": 0.649562656879425,
        "z": 0.649562656879425
    }
}