{
    "participantName": "Participant 47 5A_A",
    "partCount": 0,
    "taskTime": 90.89258575439453,
    "remappedPositionL": {
        "x": -0.4999997019767761,
        "y": 0.0,
        "z": 2.0
    },
    "remappedPositionR": {
        "x": -0.4999997019767761,
        "y": 0.0,
        "z": 2.0
    },
    "remappedScaleL": {
        "x": 0.6160049438476563,
        "y": 0.6160049438476563,
        "z": 1.0
    },
    "remappedScaleR": {
        "x": 0.6160049438476563,
        "y": 0.6160049438476563,
        "z": 1.0
    }
}