{
    "participantName": "Participant 54 5A_D",
    "partCount": 0,
    "taskTime": 81.31346893310547,
    "remappedPositionL": {
        "x": 0.13500000536441804,
        "y": 0.0,
        "z": 2.0
    },
    "remappedPositionR": {
        "x": 0.05999999865889549,
        "y": 0.0,
        "z": 2.0
    },
    "remappedScaleL": {
        "x": 0.6040050983428955,
        "y": 0.6040050983428955,
        "z": 1.0
    },
    "remappedScaleR": {
        "x": 0.6150049567222595,
        "y": 0.6150049567222595,
        "z": 1.0
    }
}