{
    "participantName": "Participant 50 5A_B",
    "partCount": 0,
    "taskTime": 54.04896926879883,
    "remappedPositionL": {
        "x": 0.4699997305870056,
        "y": 0.0,
        "z": 2.0
    },
    "remappedPositionR": {
        "x": 0.4699997305870056,
        "y": 0.0,
        "z": 2.0
    },
    "remappedScaleL": {
        "x": 0.36300820112228396,
        "y": 0.36300820112228396,
        "z": 1.0
    },
    "remappedScaleR": {
        "x": 0.36300820112228396,
        "y": 0.36300820112228396,
        "z": 1.0
    }
}