{
    "participantName": "Participant 107 8B_B",
    "partCount": 0,
    "taskTime": 42.738765716552737,
    "remappedPositionL": {
        "x": 0.48499971628189089,
        "y": 0.0,
        "z": 2.0
    },
    "remappedPositionR": {
        "x": 0.48499971628189089,
        "y": 0.0,
        "z": 2.0
    },
    "remappedScaleL": {
        "x": 0.7700029611587524,
        "y": 0.7700029611587524,
        "z": 1.0
    },
    "remappedScaleR": {
        "x": 0.7700029611587524,
        "y": 0.7700029611587524,
        "z": 1.0
    }
}