{
    "participantName": "Participant 101 8B_D",
    "partCount": 0,
    "taskTime": 28.055511474609376,
    "remappedPositionL": {
        "x": 0.42499974370002749,
        "y": 0.0,
        "z": 2.0
    },
    "remappedPositionR": {
        "x": 0.42499974370002749,
        "y": 0.0,
        "z": 2.0
    },
    "remappedScaleL": {
        "x": 0.6160049438476563,
        "y": 0.6160049438476563,
        "z": 1.0
    },
    "remappedScaleR": {
        "x": 0.6160049438476563,
        "y": 0.6160049438476563,
        "z": 1.0
    }
}