{
    "participantName": "Participant 87 7A_D",
    "partCount": 0,
    "taskTime": 61.07609176635742,
    "remappedPositionL": {
        "x": -0.01500000711530447,
        "y": 0.0,
        "z": 2.0
    },
    "remappedPositionR": {
        "x": -0.01500000711530447,
        "y": 0.0,
        "z": 2.0
    },
    "remappedScaleL": {
        "x": 0.790002703666687,
        "y": 0.790002703666687,
        "z": 1.0
    },
    "remappedScaleR": {
        "x": 0.790002703666687,
        "y": 0.790002703666687,
        "z": 1.0
    }
}