{
    "participantName": "Participant 91 7A_A",
    "partCount": 0,
    "taskTime": 36.844879150390628,
    "remappedPositionL": {
        "x": -0.2949998676776886,
        "y": 0.0,
        "z": 2.0
    },
    "remappedPositionR": {
        "x": -0.2949998676776886,
        "y": 0.0,
        "z": 2.0
    },
    "remappedScaleL": {
        "x": 0.8330021500587463,
        "y": 0.8330021500587463,
        "z": 1.0
    },
    "remappedScaleR": {
        "x": 0.8330021500587463,
        "y": 0.8330021500587463,
        "z": 1.0
    }
}