{
    "participantName": "Participant 85 7A_C",
    "partCount": 0,
    "taskTime": 71.78579711914063,
    "remappedPositionL": {
        "x": -0.15499995648860932,
        "y": 0.0,
        "z": 2.0
    },
    "remappedPositionR": {
        "x": -0.15499995648860932,
        "y": 0.0,
        "z": 2.0
    },
    "remappedScaleL": {
        "x": 0.5310060381889343,
        "y": 0.5310060381889343,
        "z": 1.0
    },
    "remappedScaleR": {
        "x": 0.5310060381889343,
        "y": 0.5310060381889343,
        "z": 1.0
    }
}