{
    "participantName": "Participant 75 6B_C",
    "partCount": 0,
    "taskTime": 8.577140808105469,
    "remappedPositionL": {
        "x": -1.001994252204895,
        "y": 0.0,
        "z": 2.0
    },
    "remappedPositionR": {
        "x": -1.001994252204895,
        "y": 0.0,
        "z": 2.0
    },
    "remappedScaleL": {
        "x": 0.6497374176979065,
        "y": 0.6497374176979065,
        "z": 0.6497374176979065
    },
    "remappedScaleR": {
        "x": 0.6497374176979065,
        "y": 0.6497374176979065,
        "z": 0.6497374176979065
    }
}