{
    "participantName": "Participant 72 6B_B",
    "partCount": 0,
    "taskTime": 7.655148506164551,
    "remappedPositionL": {
        "x": 0.5009971261024475,
        "y": 0.0,
        "z": 2.0
    },
    "remappedPositionR": {
        "x": 0.5009971261024475,
        "y": 0.0,
        "z": 2.0
    },
    "remappedScaleL": {
        "x": 0.5998508334159851,
        "y": 0.5998508334159851,
        "z": 0.5998508334159851
    },
    "remappedScaleR": {
        "x": 0.5998508334159851,
        "y": 0.5998508334159851,
        "z": 0.5998508334159851
    }
}