{
    "participantName": "Participant 80 6B_D",
    "partCount": 0,
    "taskTime": 11.906025886535645,
    "remappedPositionL": {
        "x": 1.001994252204895,
        "y": 0.0,
        "z": 2.0
    },
    "remappedPositionR": {
        "x": 1.001994252204895,
        "y": 0.0,
        "z": 2.0
    },
    "remappedScaleL": {
        "x": 0.6498739123344421,
        "y": 0.6498739123344421,
        "z": 0.6498739123344421
    },
    "remappedScaleR": {
        "x": 0.6498739123344421,
        "y": 0.6498739123344421,
        "z": 0.6498739123344421
    }
}